1,PSB Rc 2
2,PSB Rc 4
3,PSB Rc 6
4,PSB Rc 8
5,PSB Rc 10
6,PSB Rc 18
7,PSB Rc 20
8,PSB Rc 28
9,PSB Rc 30
10,PSB Rc 32
11,PSB Rc 34
12,PSB Rc 52
13,PSB Rc 54
14,PSB Rc 56
15,PSB Rc 58
16,PSB Rc 64
17,PSB Rc 66
18,PSB Rc 74
19,PSB Rc 78
20,PSB Rc 80
21,PSB Rc 82
22,IR69726-2 9-1-2-2-2
23,NSIC Rc 110
24,NSIC Rc 112
25,IR73885-1-4-3-2-1-6
26,NSIC Rc 118
27,NSIC Rc 120
28,NSIC Rc 122
29,NSIC Rc 128
30,NSIC Rc 130
31,NSIC Rc 134
32,NSIC Rc 138
33,NSIC Rc 138
34,NSIC Rc 140
35,NSIC Rc 142
36,NSIC Rc 144
37,NSIC Rc 146
38,NSIC Rc 148
39,NSIC Rc 150
40,NSIC Rc 152
41,NSIC Rc 154
42,NSIC Rc 156
43,NSIC Rc 158
44,NSIC Rc 160
45,NSIC Rc 170
46,NSIC Rc 172
47,NSIC Rc 212
48,NSIC Rc 214
49,NSIC Rc 216
50,NSIC Rc 218
51,NSIC Rc 220
52,PSB Rc 26H
53,PSB Rc 72H
54,PSB Rc 76H
55,NSIC Rc 114H
56,NSIC Rc 116H
57,NSIC Rc 124H
58,NSIC Rc 126H
59,NSIC Rc 132H
60,NSIC Rc 136H
61,NSIC Rc 162H
62,NSIC Rc 164H
63,NSIC Rc 166H
64,NSIC Rc 168H
65,NSIC Rc 174H
66,NSIC Rc 176H
67,NSIC Rc 178H
68,NSIC Rc 180H
69,NSIC Rc 196H
70,NSIC Rc 198H
71,NSIC Rc 200H
72,NSIC Rc 202H
73,NSIC Rc 204H
74,NSIC Rc 206H
75,NSIC Rc 208H
76,NSIC Rc 210H
77,UPL Ri1
78,BPI Ri1
79,IR65
80,NSIC Rc 13
81,NSIC Rc 15
82,NSIC Rc 17
83,NSIC Rc 19
84,PSB Rc 12
85,PSB Rc 14
86,PSB Rc 36
87,PSB Rc 38
88,PSB Rc 40
89,PSB Rc 98
90,PSB Rc 100
91,PSB Rc 102
92,NSIC Rc 192
93,NSIC Rc 194
94,PSB Rc 16
95,PSB Rc 24
96,PSB Rc 42
97,PSB Rc 60
98,PSB Rc 62
99,PSB Rc 68
100,PSB Rc 70
101,PSB Rc 44
102,PSB Rc 46
103,PSB Rc 92
104,PSB Rc 94
105,PSB Rc 96
106,NSIC Rc 104
107,PSB Rc 48
108,PSB Rc 50
109,PSB Rc 84
110,PSB Rc 86
111,PSB Rc 88
112,PSB Rc 90
113,NSIC Rc 106
114,NSIC Rc 108
115,NSIC Rc 182
116,NSIC Rc 184
117,NSIC Rc 186
118,NSIC Rc 188
119,NSIC Rc 190
120,PSB Rc 1
121,PSB Rc 3
122,PSB Rc 5
123,PSB Rc 7
124,NSIC Rc 9
125,NSIC Rc 11
126,NSIC Rc 222
127,NSIC 2010 Rc 224
128,NSIC 2010 Rc 226
129,NSIC 2010 Rc 228H
130,NSIC 2010 Rc 230H
131,NSIC 2010 Rc 232H
132,NSIC 2010 Rc 234H
133,NSIC 2010 Rc 236H
134,NSIC 2011 Rc 23
135,NSIC 2011 Rc 286
136,NSIC 2011 Rc 288
137,NSIC 2011 Rc 284
138,NSIC 2011 Rc 282
139,NSIC 2011 Rc 280
140,NSIC 2011 Rc 278
141,NSIC 2011 Rc 276
142,NSIC 2011 Rc 274
143,NSIC 2011 Rc 272
144,NSIC 2011 Rc 270H
145,NSIC 2011 Rc 268H
146,NSIC 2011 Rc 266H
147,NSIC 2011 Rc 264H
148,NSIC 2011 Rc 262H
149,NSIC 2011 Rc 260H
150,NSIC 2011 Rc 258H
151,NSIC 2011 Rc 256H
152,NSIC 2011 Rc 254H
153,NSIC 2011 Rc 252H
154,NSIC 2011 Rc 250H
155,NSIC 2011 Rc 248H
156,NSIC 2011 Rc 246H
157,NSIC 2011 Rc 244H
158,NSIC 2011 Rc 21 SR
159,NSIC 2011 Rc 242 SR
160,NSIC 2011 Rc 240
161,NSIC 2011 Rc 238
162,NSIC 2011 Rc 290
163,NSIC 2011 Rc 292
164,NSIC 2011 Rc 294
165,NSIC 2011 Rc 296
166,NSIC 2012 Rc 298
167,NSIC 2012 Rc 300
168,NSIC 2012 Rc 302
169,NSIC 2013 Rc 308
170,NSIC 2014 Rc 352
171,NSIC 2014 Rc 354
172,NSIC 2014 Rc 356
173,NSIC 2014 Rc 358
174,NSIC 2014 Rc 360
175,NSIC 2015 Rc 394
176,NSIC 2015 Rc 396
177,NSIC 2015 Rc 398
178,NSIC 2015 Rc 400
179,NSIC 2015 Rc 402
180,NSIC 2012 Rc 304 SR
181,NSIC 2013 Rc 342 SR
182,NSIC 2013 Rc 344 SR
183,NSIC 2015 Rc 414 SR
184,NSIC 2012 Rc 306H
185,NSIC 2013 Rc 310H
186,NSIC 2013 Rc 312H
187,NSIC 2013 Rc 314H
188,NSIC 2013 Rc 316H
189,NSIC 2013 Rc 318H
190,NSIC 2013 Rc 320H
191,NSIC 2013 Rc 322H
192,NSIC 2013 Rc 350H
193,NSIC 2014 Rc 362H
194,NSIC 2014 Rc 364H
195,NSIC 2014 Rc 366H
196,NSIC 2014 Rc 368H
197,NSIC 2014 Rc 370H
198,NSIC 2014 Rc 372H
199,NSIC 2014 Rc 374H
200,NSIC 2014 Rc 376H
201,NSIC 2014 Rc 378H
202,NSIC 2014 Rc 380H
203,NSIC 2014 Rc 382H
204,NSIC 2014 Rc 384H
205,NSIC 2014 Rc 386H
206,NSIC 2014 Rc 388H
207,NSIC 2015 Rc 404H
208,NSIC 2015 Rc 406H
209,NSIC 2015 Rc 408H
210,NSIC 2015 Rc 410H
211,NSIC 2015 Rc 412H
212,NSIC 2016 Rc 432H
213,NSIC 2013 Rc 346
214,NSIC 2013 Rc 348
215,NSIC 2015 Rc 416
216,NSIC 2015 Rc 418
217,NSIC 2015 Rc 420
218,NSIC 2015 Rc 422
219,NSIC 2015 Rc 424
220,NSIC 2015 Rc 426
221,NSIC 2015 Rc 428
222,NSIC 2015 Rc 430
223,NSIC 2016 Rc 434
224,NSIC 2014 Rc 25
225,NSIC 2014 Rc 27
226,NSIC 2014 Rc 29
227,NSIC 2013 Rc 324
228,NSIC 2013 Rc 326
229,NSIC 2013 Rc 328
230,NSIC 2013 Rc 330
231,NSIC 2013 Rc 332
232,NSIC 2013 Rc 334
233,NSIC 2013 Rc 336
234,NSIC 2013 Rc 338
235,NSIC 2013 Rc 340
236,NSIC 2014 Rc 390
237,NSIC 2014 Rc 392
238,NSIC Rc 442
239,NSIC Rc 438
240,TG 102M
241,PRUP TG 102
242,IR 58025A
243,IR 34686R
244,NSIC 2016 Rc 440
245,NSIC 2016 Rc 480
