1,PSB Rc2
2,PSB Rc4
3,PSB Rc6
4,PSB Rc8
5,PSB Rc10
6,PSB Rc18
7,PSB Rc20
8,PSB Rc22
9,PSB Rc28
10,PSB Rc30
11,PSB Rc32
12,PSB Rc34
13,PSB Rc52
14,PSB Rc54
15,PSB Rc56
16,PSB Rc58
17,PSB Rc64
18,PSB Rc66
19,PSB Rc74
20,PSB Rc78
21,PSB Rc80
22,PSB Rc82
23,IR69726-29-1-2-2-2
24,IR73885-1-4-3-2-1-6
25,NSIC Rc 110
26,NSIC Rc 112
27,NSIC Rc 118
28,NSIC Rc 120
29,NSIC Rc 122
30,NSIC Rc 128
31,NSIC Rc 130
32,NSIC Rc 134
33,NSIC Rc 138
34,NSIC Rc 140
35,NSIC Rc 142
36,NSIC Rc 144
37,NSIC Rc 146
38,NSIC Rc 148
39,NSIC Rc 150
40,NSIC Rc 152
41,NSIC Rc 154
42,NSIC Rc 156
43,NSIC Rc 158
44,NSIC Rc 160
45,NSIC Rc 170
46,NSIC Rc 172
47,NSIC Rc 194
48,NSIC Rc 212
49,NSIC Rc 214
50,NSIC Rc 216
51,NSIC Rc 218 SR
52,NSIC Rc 220 SR
53,NSIC Rc 222
54,NSIC Rc 224
55,NSIC Rc 226
56,NSIC Rc 238
57,NSIC Rc 240
58,NSIC Rc 242 SR
59,NSIC Rc 298
60,NSIC Rc 300
61,NSIC Rc 302
62,NSIC Rc 304
63,NSIC Rc 308
64,NSIC Rc 342 SR
65,NSIC Rc 352
66,NSIC Rc 354
67,NSIC Rc 356
68,NSIC Rc 358
69,NSIC Rc 360
70,NSIC Rc 394
71,NSIC Rc 396
72,NSIC Rc 398
73,NSIC Rc 400
74,NSIC Rc 402
75,NSIC Rc 436
76,NSIC Rc 438
77,NSIC Rc 440
78,NSIC Rc 442
79,NSIC Rc 506
80,NSIC Rc 508
81,NSIC Rc 510
82,NSIC Rc 512
83,NSIC Rc 514
84,NSIC Rc 414 SR
85,NSIC Rc 482SR
86,NSIC Rc 484SR
87,PSB Rc26H
88,PSB Rc76H
89,PSB Rc72H
90,NSIC Rc 114H
91,NSIC Rc 116H
92,NSIC Rc 124H
93,NSIC Rc 126H
94,NSIC Rc 132H
95,NSIC Rc 136H
96,NSIC Rc 162H
97,NSIC Rc 164H
98,NSIC Rc 166H
99,NSIC Rc 168H
100,NSIC Rc 174H
101,NSIC Rc 176H
102,NSIC Rc 178H
103,NSIC Rc 180H
104,NSIC Rc 196H
105,NSIC Rc 198H
106,NSIC Rc 200H
107,NSIC Rc 202H
108,NSIC Rc 204H
109,NSIC Rc 206H
110,NSIC Rc 208H
111,NSIC Rc 210H
112,NSIC Rc 228H
113,NSIC Rc 230H
114,NSIC Rc 232H
115,NSIC Rc 234H
116,NSIC Rc 236H
117,NSIC Rc 244
118,NSIC Rc 246H
119,NSIC Rc 248H
120,NSIC Rc 250H
121,NSIC Rc 252H
122,NSIC Rc 254H
123,NSIC Rc 256H
124,NSIC Rc 258H
125,NSIC Rc 260H
126,NSIC Rc 262H
127,NSIC Rc 264H
128,NSIC Rc 266H
129,NSIC Rc 268H
130,NSIC Rc 270H
131,NSIC Rc 306H
132,NSIC Rc 310H
133,NSIC Rc 312H
134,NSIC Rc 314H
135,NSIC Rc 316H
136,NSIC Rc 318H
137,NSIC Rc 320H
138,NSIC Rc 322H
139,NSIC Rc 350H
140,NSIC Rc 362H
141,NSIC Rc 364H
142,NSIC Rc 366H
143,NSIC Rc 368H
144,NSIC Rc 370H
145,NSIC Rc 372H
146,NSIC Rc 374H
147,NSIC Rc 376H
148,NSIC Rc 378H
149,NSIC Rc 380H
150,NSIC Rc 382H
151,NSIC Rc 404H
152,NSIC Rc 406H
153,NSIC Rc 408H
154,NSIC Rc 410H
155,NSIC Rc 412H
156,NSIC Rc 432H
157,NSIC Rc 444H
158,NSIC Rc 446H
159,NSIC Rc 448H
160,NSIC Rc 450H
161,NSIC Rc 452H
162,NSIC Rc 454H
163,NSIC Rc 456H
164,NSIC Rc 458H
165,NSIC Rc 486
166,NSIC Rc 488
167,NSIC Rc 490
168,NSIC Rc 492H
169,NSIC Rc 494H
170,NSIC Rc 496H
171,NSIC Rc 498H
172,NSIC Rc 500H
173,NSIC Rc 502H
174,NSIC Rc 504H
175,NSIC Rc 516H
176,NSIC Rc 518H
177,NSIC Rc 520H
178,NSIC Rc 522H
179,NSIC Rc 524H
180,NSIC Rc 526H
181,NSIC Rc 480
182,NSIC Rc 27
